CategoryID,CategoryName,Description
1,Electronics,Consumer electronics and accessories
2,Home & Kitchen,Home appliances and household products
3,Fashion,"Clothing, footwear and accessories"
4,Beauty,Beauty and personal care products
5,Sports & Fitness,Sports equipment and fitness products
6,Books,Books and educational material
7,Toys & Games,"Toys, games and entertainment products"
8,Office Supplies,Office and workplace supplies
9,Grocery,Packaged food and daily essentials
10,Automotive,Automotive accessories and products
